,City,Clouds,Country,Date,Humidity,Lat,Long,Max Temp,Wind Speed
0,Alofi,40,NU,1565641443,88,-19.06,-169.92,77.0,10.29
1,Mahebourg,40,MU,1565641443,68,-20.41,57.7,72.0,12.75
2,Gigmoto,78,PH,1565641443,78,13.78,124.39,82.88,16.8
3,Avarua,94,CK,1565641181,78,-21.21,-159.78,78.8,3.36
4,Punta Arenas,20,CL,1565641444,59,-53.16,-70.91,37.4,19.46
5,Khatanga,75,RU,1565641149,78,71.98,102.47,54.8,11.5
6,Hermanus,33,ZA,1565641445,94,-34.42,19.24,53.01,12.71
7,Arraial do Cabo,0,BR,1565641370,78,-22.97,-42.02,75.2,17.22
8,Hasaki,40,JP,1565641445,100,35.73,140.83,78.8,3.36
9,Grand Gaube,40,MU,1565641445,68,-20.01,57.66,72.0,12.75
10,Atuona,32,PF,1565641446,76,-9.8,-139.03,80.0,18.84
11,Ilulissat,20,GL,1565641446,28,69.22,-51.1,57.2,17.22
12,Tarancon,0,ES,1565641446,17,40.01,-3.01,80.6,17.22
13,Thompson,40,CA,1565641447,42,55.74,-97.86,68.0,10.29
14,Majene,84,ID,1565641447,80,-3.54,118.97,80.18,24.83
15,Maceio,40,BR,1565641379,65,-9.67,-35.74,77.0,11.41
16,Albany,75,US,1565641448,48,42.65,-73.75,84.99,5.82
17,Kytmanovo,0,RU,1565641448,87,53.46,85.45,50.48,6.15
18,Katobu,19,ID,1565641448,90,-4.94,122.53,71.0,3.89
19,Puerto Ayora,0,EC,1565641449,61,-0.74,-90.35,78.8,5.82
20,Goderich,64,CA,1565641449,64,43.74,-81.71,80.01,5.99
21,Qaanaaq,0,GL,1565641450,63,77.48,-69.36,45.44,0.69
22,Margate,20,AU,1565641450,86,-43.03,147.26,48.0,1.12
23,Butaritari,68,KI,1565641451,66,3.07,172.79,84.68,6.85
24,Ternate,75,PH,1565641451,88,14.29,120.72,84.99,9.17
25,Busselton,22,AU,1565641451,70,-33.64,115.35,55.99,14.41
26,Henties Bay,0,NA,1565641452,89,-22.12,14.28,54.0,16.49
27,Odesskoye,77,RU,1565641452,41,54.21,72.97,70.82,16.2
28,Nampula,0,MZ,1565641452,77,-15.12,39.26,69.8,6.93
29,Porvoo,40,FI,1565641453,87,60.4,25.66,60.8,8.05
30,Ponta do Sol,0,BR,1565641453,52,-20.63,-46.0,70.47,5.66
31,Progreso,90,UY,1565641453,76,-34.68,-56.22,51.01,14.99
32,Mount Isa,0,AU,1565641453,52,-20.73,139.49,46.4,8.05
33,Gladstone,0,AU,1565641454,70,-23.84,151.26,46.4,6.93
34,Hofn,75,IS,1565641454,50,64.25,-15.21,53.6,12.75
35,Aksum,100,ET,1565641455,92,14.12,38.72,60.38,2.1
36,Ushuaia,20,AR,1565641156,100,-54.81,-68.31,37.4,28.86
37,Dingle,94,PH,1565641455,85,11.0,122.67,74.78,7.14
38,Egvekinot,90,RU,1565641455,84,66.32,-179.17,50.67,1.68
39,Billings,40,US,1565641456,29,45.79,-108.5,79.0,23.04
40,Nanortalik,100,GL,1565641456,65,60.14,-45.24,48.5,11.5
41,Rikitea,52,PF,1565641457,81,-23.12,-134.97,73.17,17.07
42,Kodiak,20,US,1565641457,62,39.95,-94.76,91.0,5.82
43,Casimiro de Abreu,0,BR,1565641457,78,-22.48,-42.2,78.8,17.22
44,Hithadhoo,100,MV,1565641457,79,-0.6,73.08,83.24,13.56
45,Arona,40,IT,1565641458,88,45.76,8.56,73.99,13.87
46,Esperance,0,AU,1565641458,75,-33.86,121.89,46.4,17.22
47,Shimoda,1,JP,1565641458,3,34.7,138.93,82.99,3.0
48,Sitka,0,US,1565641459,36,37.17,-99.65,97.0,8.99
49,Bluff,0,AU,1565641459,41,-23.58,149.07,49.04,8.72
50,Port Alfred,100,ZA,1565641459,71,-33.59,26.89,61.0,5.01
51,Longyearbyen,40,NO,1565641459,65,78.22,15.63,41.0,4.7
52,Pisco,20,PE,1565641460,30,-13.71,-76.2,71.6,10.29
53,Lata,100,IN,1565641460,93,30.78,78.62,48.14,2.64
54,Tarata,0,PE,1565641461,59,-17.47,-70.03,64.4,12.75
55,Bethel,90,US,1565641399,100,60.79,-161.76,59.0,16.11
56,Saint Anthony,1,US,1565641164,28,43.97,-111.68,75.0,8.05
57,Sao Filipe,49,CV,1565641462,82,14.9,-24.5,76.04,10.65
58,Bayonet Point,75,US,1565641462,79,28.33,-82.68,91.0,6.93
59,Cape Town,20,ZA,1565641463,87,-33.93,18.42,53.01,5.82
60,Clyde River,40,CA,1565641463,87,70.47,-68.59,44.6,6.93
61,Faya,40,SA,1565641463,67,18.39,42.45,64.4,6.93
62,Vila,40,IT,1565641464,88,45.18,8.4,73.99,13.87
63,Barrow,89,AR,1565641464,61,-38.31,-60.23,42.74,14.47
64,Balkanabat,0,TM,1565641464,30,39.51,54.36,76.58,15.73
65,Kavieng,32,PG,1565641465,74,-2.57,150.8,82.17,7.67
66,Beloha,0,MG,1565641465,96,-25.17,45.06,64.7,2.84
67,San Quintin,100,PH,1565641465,90,17.54,120.52,75.5,3.58
68,Dudinka,75,RU,1565641466,93,69.41,86.18,48.2,2.24
69,Pontianak,100,ID,1565641181,87,-0.02,109.34,80.72,15.17
70,East London,67,ZA,1565641466,63,-33.02,27.91,48.87,5.95
71,Chokurdakh,0,RU,1565641466,66,70.62,147.9,41.3,11.18
72,Quatre Cocos,40,MU,1565641467,68,-20.21,57.76,72.0,12.75
73,Mandeville,40,US,1565641451,53,30.36,-90.07,97.0,6.93
74,Bredasdorp,98,ZA,1565641467,81,-34.53,20.04,46.4,6.93
75,Yarada,75,IN,1565641468,88,17.65,83.27,82.4,4.7
76,Saint-Pierre,0,FR,1565641468,77,48.95,4.24,62.6,11.41
77,Vaini,97,IN,1565641468,91,15.34,74.49,75.87,3.29
78,Port Hardy,75,CA,1565641469,77,50.7,-127.42,64.4,4.7
79,Pochutla,40,MX,1565641469,66,15.74,-96.47,93.2,6.93
80,Nouadhibou,0,MR,1565641469,73,20.93,-17.03,73.4,18.34
81,Waddan,0,LY,1565641469,45,29.16,16.14,77.67,4.79
82,Codrington,40,AU,1565641470,93,-28.95,153.24,51.8,8.05
83,Port Elizabeth,1,US,1565641472,45,39.31,-74.98,90.0,6.93
84,Flinders,0,AU,1565641473,75,-34.58,150.85,48.99,12.75
85,Faanui,68,PF,1565641473,79,-16.48,-151.75,79.1,18.54
86,Jamestown,0,AU,1565641475,88,-33.21,138.6,37.7,3.65
87,Alta Floresta,0,BR,1565641475,22,-9.87,-56.08,96.8,6.93
88,Wuwei,100,CN,1565641476,82,37.93,102.64,63.0,3.71
89,Kawalu,87,ID,1565641476,94,-7.38,108.21,65.97,2.64
90,Souillac,0,FR,1565641476,59,45.6,-0.6,64.4,8.05
91,Botucatu,0,BR,1565641477,52,-22.89,-48.44,72.98,3.13
92,Tupanatinga,42,BR,1565641477,86,-8.75,-37.34,68.84,12.28
93,Kaeo,0,NZ,1565641477,100,-35.1,173.78,53.01,10.89
94,Acapulco,75,MX,1565641477,66,16.86,-99.88,89.6,10.29
95,Castro,75,CL,1565641478,70,-42.48,-73.76,46.4,6.93
96,Benghazi,0,LY,1565641242,71,32.12,20.07,80.37,14.81
97,Kahului,20,US,1565641437,46,20.89,-156.47,89.6,20.8
98,Patrasaer,100,IN,1565641479,73,23.2,87.53,81.0,9.75
99,Kruisfontein,100,ZA,1565641479,83,-34.0,24.73,48.14,6.49
100,Katsuura,40,JP,1565641479,83,33.93,134.5,82.0,3.36
101,Nagorsk,31,RU,1565641479,80,59.32,50.8,43.1,7.85
102,Fergus Falls,40,US,1565641280,83,46.28,-96.08,75.2,4.7
103,Mataura,100,NZ,1565641480,86,-46.19,168.86,45.0,13.0
104,Atoka,1,US,1565641480,39,34.39,-96.13,102.2,10.29
105,Takoradi,18,GH,1565641480,89,4.89,-1.75,72.44,5.28
106,Umm Lajj,5,SA,1565641481,79,25.02,37.27,87.2,9.62
107,Yellowknife,75,CA,1565641286,59,62.45,-114.38,64.0,14.99
108,Castelo do Piaui,76,BR,1565641481,29,-5.32,-41.55,91.52,5.86
109,Saint-Augustin,75,CA,1565641481,57,45.63,-73.98,81.0,8.05
110,Nyrob,100,RU,1565641482,97,60.74,56.73,45.44,9.24
111,Ismailia,0,EG,1565641409,66,30.6,32.27,76.04,5.86
112,Miri,96,NG,1565641483,80,10.31,9.75,74.07,2.75
113,Cedar Falls,90,US,1565641487,100,42.53,-92.45,75.99,5.82
114,Broken Hill,0,AU,1565641488,74,-31.97,141.45,35.6,8.19
115,Lingen,54,GB,1565641488,67,52.3,-2.93,57.2,9.17
116,Provideniya,90,RU,1565641488,93,64.42,-173.23,51.8,3.78
117,Meulaboh,100,ID,1565641489,79,4.14,96.13,81.44,6.26
118,Hilo,40,US,1565641197,65,19.71,-155.08,82.99,3.36
119,San Cristobal,69,HN,1565641489,40,14.68,-86.92,86.3,10.25
120,Nishihara,75,JP,1565641490,78,35.74,139.53,82.99,3.36
121,Saint-Philippe,75,CA,1565641490,57,45.36,-73.48,81.0,13.87
122,Luanda,20,AO,1565641243,94,-8.83,13.24,69.8,8.05
123,Mar del Plata,0,AR,1565641490,46,-46.43,-67.52,36.08,6.64
124,Kapaa,40,US,1565641491,70,22.08,-159.32,86.0,11.41
125,Murgab,90,TM,1565641491,36,37.5,61.97,80.6,13.87
126,Ratangarh,75,IN,1565641492,54,28.07,74.62,89.0,14.79
127,Walvis Bay,0,NA,1565641493,77,-22.95,14.51,66.2,2.24
128,Batsfjord,90,NO,1565641493,100,70.63,29.72,55.4,9.17
129,Shingu,25,JP,1565641493,92,33.72,135.99,72.8,5.44
130,Airai,0,TL,1565641494,51,-8.93,125.41,68.12,3.78
131,Antalaha,4,MG,1565641494,96,-14.9,50.28,59.67,3.29
132,Broome,0,GB,1565641494,93,52.47,1.45,59.0,5.82
133,Port Lincoln,40,AU,1565641225,69,-34.72,135.86,52.47,5.26
134,Ulaangom,46,MN,1565641495,70,49.98,92.07,53.54,1.45
135,Kudat,75,MY,1565641495,94,6.89,116.84,75.2,2.24
136,Namatanai,49,PG,1565641495,85,-3.66,152.44,78.02,10.51
137,Barinitas,100,VE,1565641496,92,8.76,-70.41,59.3,4.12
138,Baykit,97,RU,1565641496,80,61.68,96.39,49.58,7.78
139,Chuy,58,UY,1565641496,75,-33.69,-53.46,53.37,12.93
140,Ribeira Grande,20,PT,1565641497,78,38.52,-28.7,73.4,8.05
141,Mapimi,20,MX,1565641497,25,25.82,-103.85,96.8,9.89
142,Hami,0,CN,1565641497,11,42.84,93.51,78.2,10.78
143,Upernavik,100,GL,1565641498,59,72.79,-56.15,44.9,7.72
144,Kochevo,0,BG,1565641498,44,42.1,24.92,80.6,11.41
145,Rome,0,IT,1565641498,39,41.89,12.48,84.2,2.24
146,Mpika,0,ZM,1565641499,42,-11.84,31.4,62.54,11.03
147,Isangel,75,VU,1565641499,94,-19.55,169.27,71.6,16.93
148,Saskylakh,32,RU,1565641499,55,71.97,114.09,62.54,7.05
149,Dubrovnik,0,HR,1565641500,78,42.65,18.09,86.0,3.83
150,Soverato,0,IT,1565641501,88,38.69,16.55,80.6,4.7
151,Taoudenni,55,ML,1565641501,9,22.68,-3.98,105.38,8.1
152,Okha,0,RU,1565641502,88,53.59,142.95,54.44,9.24
153,Cloquet,1,US,1565641502,63,46.72,-92.46,73.4,5.82
154,Puerto Ayacucho,40,CO,1565641502,94,5.66,-67.63,77.0,3.36
155,Santiago del Estero,0,AR,1565641503,20,-27.8,-64.26,66.68,14.34
156,Matamoros,1,US,1565641305,50,25.87,-97.51,100.4,17.22
157,Asyut,0,EG,1565641206,30,27.18,31.19,93.2,5.82
158,Creston,90,CA,1565641503,59,49.1,-116.52,72.0,6.93
159,Yulara,0,AU,1565641503,56,-25.24,130.99,42.8,6.93
160,Kota Kinabalu,75,MY,1565641505,83,5.98,116.07,78.8,3.36
161,Jiayuguan,38,CN,1565641505,37,39.77,98.29,66.68,3.87
162,Misratah,0,LY,1565641506,76,32.38,15.09,81.8,8.55
163,Muros,20,ES,1565641506,77,42.77,-9.06,68.0,9.17
164,Libreville,75,GA,1565641206,83,0.39,9.45,77.0,6.93
165,New Norfolk,20,AU,1565641506,86,-42.78,147.06,48.0,1.12
166,Tibiri,24,NE,1565641507,55,13.57,7.05,85.58,9.93
167,Mason City,90,US,1565641496,83,43.15,-93.2,78.8,6.93
168,Christchurch,6,NZ,1565641382,79,-43.53,172.64,37.99,2.24
169,Batagay-Alyta,0,RU,1565641508,62,67.8,130.41,56.97,7.14
170,Narsaq,100,GL,1565641508,28,60.91,-46.05,59.0,33.33
171,Igarka,57,RU,1565641508,91,67.47,86.57,43.28,4.25
172,Jacareacanga,0,BR,1565641508,34,-6.22,-57.76,95.0,4.7
173,Tarauaca,0,BR,1565641224,27,-8.16,-70.77,95.48,1.5
174,Carnarvon,0,ZA,1565641509,46,-30.97,22.13,44.0,3.62
175,Russkaya Polyana,100,RU,1565641276,39,53.78,73.88,70.64,18.14
176,Saint-Francois,0,FR,1565641512,55,46.42,3.91,66.2,3.36
177,Paita,0,PE,1565641512,290,-5.09,-81.11,62.6,17.05
178,Bumba,74,CD,1565641513,91,2.18,22.47,71.72,1.28
179,Vao,100,EE,1565641513,96,59.1,26.19,55.88,2.82
180,Sabang,13,PH,1565641513,75,13.8,121.11,84.0,3.0
181,Bambous Virieux,40,MU,1565641514,68,-20.34,57.76,72.0,12.75
182,Guane,33,CU,1565641514,68,22.2,-84.09,85.58,9.48
183,Freeport,75,BS,1565641342,59,26.54,-78.7,91.4,6.93
184,Cabedelo,75,BR,1565641515,83,-6.97,-34.84,77.0,10.29
185,Zhigansk,65,RU,1565641515,53,66.77,123.37,62.72,5.3
186,Valle Hermoso,90,MX,1565641515,29,25.67,-97.82,102.2,13.87
187,Leningradskiy,100,RU,1565641515,98,69.38,178.42,40.04,6.53
188,Magdagachi,80,RU,1565641516,74,53.45,125.8,55.88,2.42
189,Qom,90,IR,1565641516,30,34.64,50.88,75.5,8.66
190,Tutoia,20,BR,1565641516,78,-2.76,-42.27,82.4,13.87
191,Batagay,0,RU,1565641516,56,67.65,134.64,59.67,3.78
192,Rawson,100,AR,1565641517,48,-43.3,-65.11,38.97,9.26
193,Islamkot,52,PK,1565641517,77,24.7,70.18,82.7,13.0
194,Xuddur,48,SO,1565641517,62,4.12,43.89,74.6,22.73
195,Lazaro Cardenas,75,MX,1565641518,27,28.39,-105.62,91.4,13.87
196,Gonbad-e Qabus,0,IR,1565641518,78,37.25,55.17,73.4,4.7
197,Vetluzhskiy,0,RU,1565641518,91,58.39,45.47,41.84,4.9
198,Vardo,20,US,1565641519,35,39.62,-77.74,91.99,10.29
199,Lusambo,0,CD,1565641519,55,-4.97,23.44,75.5,1.68
200,Sonoita,40,US,1565641520,31,31.68,-110.66,100.0,9.17
201,Fort Nelson,75,CA,1565641520,63,58.81,-122.69,62.6,4.7
202,Chumikan,100,RU,1565641521,97,54.72,135.31,52.47,2.19
203,Cleveland,90,US,1565641435,57,41.51,-81.69,81.0,10.29
204,Kouango,100,CF,1565641522,93,4.99,19.98,71.54,1.88
205,Wadi Musa,0,JO,1565641522,36,30.32,35.48,71.0,2.33
206,Geraldton,75,CA,1565641522,33,49.72,-86.95,73.4,14.99
207,Gorontalo,16,ID,1565641522,88,0.54,123.06,75.14,8.37
208,Wladyslawowo,0,PL,1565641523,88,54.79,18.4,69.01,3.36
209,Calama,0,CL,1565641523,4,-22.46,-68.93,73.4,11.41
210,Non Thai,100,TH,1565641523,90,15.2,102.07,76.77,3.98
211,Lavrentiya,100,RU,1565641525,92,65.58,-170.99,52.82,4.65
212,Schwechat,0,AT,1565641525,77,48.14,16.48,69.01,9.17
213,Georgetown,20,GY,1565641525,74,6.8,-58.16,89.6,11.41
214,Pangoa,26,PE,1565641525,47,-12.12,-73.0,87.02,3.51
215,Lisala,98,CD,1565641526,92,2.15,21.52,72.08,1.7
216,Giyon,100,ET,1565641526,94,8.53,37.98,60.38,1.59
217,Grand Bank,75,CA,1565641526,88,47.1,-55.77,64.4,16.11
218,Lesosibirsk,100,RU,1565641527,76,58.22,92.49,48.14,6.13
219,Touros,75,BR,1565641527,100,-5.2,-35.46,73.4,5.82
220,Liebling,0,RO,1565641527,78,45.58,21.32,89.6,5.82
221,Santa Maria,0,BR,1565641527,25,-16.02,-48.01,84.2,9.17
222,Bushehr,40,IR,1565641528,59,28.97,50.84,89.6,4.7
223,Tailai,100,CN,1565641528,94,46.39,123.41,60.02,6.93
224,Buckeye,0,US,1565641528,11,33.37,-112.58,107.01,10.0
225,Bima,53,ID,1565641529,94,-8.45,118.73,67.58,2.04
226,Lorengau,30,PG,1565641529,82,-2.02,147.27,78.2,3.09
227,Victoria,75,BN,1565641529,83,5.28,115.24,80.01,2.24
228,Kralendijk,75,BQ,1565641511,66,12.15,-68.27,87.8,19.46
229,Morehead,1,US,1565641530,58,38.18,-83.43,87.01,4.7
230,Inirida,31,CO,1565641530,63,3.87,-67.92,85.77,3.06
231,Tura,90,RU,1565641530,80,64.27,100.22,48.87,5.39
232,Lompoc,1,US,1565641531,68,34.64,-120.46,84.2,10.29
233,Daru,100,PG,1565641531,92,-9.07,143.21,72.62,7.34
234,Haines Junction,31,CA,1565641531,39,60.75,-137.51,65.6,0.4
235,Pallasovka,0,RU,1565641532,66,50.04,46.89,58.22,10.33
236,Zavodouspenskoye,20,RU,1565641532,93,56.86,65.02,64.0,6.71
237,Salekhard,99,RU,1565641532,90,66.54,66.62,42.92,11.07
238,Portland,40,US,1565641434,51,43.66,-70.25,84.99,10.29
239,Turukhansk,55,RU,1565641533,90,65.8,87.96,43.1,2.66
240,Aswan,2,EG,1565641533,16,24.09,32.9,82.52,0.83
241,Klaebu,75,NO,1565641533,87,63.3,10.48,55.4,18.34
242,Tasiilaq,0,GL,1565641534,70,65.61,-37.64,46.4,9.17
243,Lashio,100,MM,1565641534,99,22.93,97.75,70.28,0.6
244,Tuktoyaktuk,90,CA,1565641534,79,69.44,-133.03,37.4,17.22
245,Mersing,100,MY,1565641535,92,2.43,103.84,74.97,1.14
246,Otjiwarongo,0,NA,1565641535,19,-20.46,16.65,71.6,3.36
247,General Roca,75,AR,1565641535,70,-39.03,-67.58,46.4,3.36
248,Marawi,84,PH,1565641537,84,8.0,124.29,73.99,5.01
249,Deputatskiy,0,RU,1565641537,62,69.3,139.9,53.18,3.24
250,Iqaluit,20,CA,1565641537,31,63.75,-68.52,64.4,13.87
251,Melilla,75,EC,1565641538,78,-0.8,-80.23,75.2,9.17
252,Dezful,0,IR,1565641538,12,32.38,48.4,94.94,5.08
253,Guerrero Negro,0,MX,1565641538,84,27.97,-114.04,65.24,14.03
254,Redlands,5,US,1565641305,24,34.06,-117.19,97.0,6.93
255,Humaita,0,AR,1565641539,26,-24.93,-65.37,75.2,16.11
256,Taltal,0,CL,1565641541,43,-25.41,-70.49,66.5,2.42
257,Jiuquan,38,CN,1565641541,37,39.73,98.49,66.68,3.87
258,Ponta Delgada,20,PT,1565641542,78,37.73,-25.67,71.6,5.82
259,Krasnohrad,0,UA,1565641542,61,49.38,35.45,65.6,6.87
260,Along,21,IN,1565641542,88,28.17,94.8,59.12,6.96
261,Korgen,75,NO,1565641543,87,66.08,13.83,60.8,5.82
262,Hobart,20,AU,1565641543,86,-42.88,147.33,48.0,1.12
263,Bonita Springs,90,US,1565641543,88,26.35,-81.82,86.0,10.29
264,Saint George,0,GR,1565641544,31,39.45,22.34,78.8,1.7
265,Hay River,75,CA,1565641544,36,60.82,-115.79,75.2,13.87
266,Rock Springs,1,US,1565641417,23,41.59,-109.2,73.4,21.92
267,Buluang,90,PH,1565641545,74,10.47,123.98,80.6,10.29
268,Axim,1,GH,1565641545,88,4.87,-2.24,74.24,8.61
269,Bubaque,100,GW,1565641545,83,11.28,-15.83,79.1,13.65
270,Mandalgovi,0,MN,1565641545,67,45.76,106.27,53.9,4.79
271,Isiro,1,CD,1565641546,98,2.77,27.62,67.04,1.45
272,Payo,78,ID,1565641546,88,-3.75,103.64,66.32,3.11
273,Chimbote,3,PE,1565641546,87,-9.08,-78.59,60.2,12.46
274,Buyukcavuslu,0,TR,1565641546,78,41.24,28.06,78.01,19.46
275,Ahuimanu,40,US,1565641547,66,21.44,-157.84,90.0,12.75
276,Antofagasta,0,CL,1565641342,67,-23.65,-70.4,66.99,8.05
277,Anadyr,90,RU,1565641547,100,64.73,177.51,50.0,13.42
278,Te Anau,77,NZ,1565641548,73,-45.41,167.72,42.38,11.68
279,Buenos Aires,75,AR,1565641216,58,-34.61,-58.44,55.0,9.17
280,Voh,99,NC,1565641548,73,-20.95,164.69,70.1,12.71
281,Kieta,0,PG,1565641550,76,-6.22,155.63,79.64,5.59
282,Severo-Kurilsk,100,RU,1565641550,89,50.68,156.12,50.84,15.08
283,Vestmannaeyjar,2,IS,1565641552,76,63.44,-20.27,48.14,29.84
284,Bronnoysund,75,NO,1565641554,100,65.46,12.2,60.8,4.7
285,Yar-Sale,100,RU,1565641555,92,66.83,70.83,45.98,19.35
286,Araceli,82,PH,1565641555,96,10.55,119.99,74.97,2.37
287,Smoky Lake,100,CA,1565641444,73,54.11,-112.47,64.0,1.01
288,Baker City,1,US,1565641556,33,44.77,-117.83,77.0,4.7
289,Fortuna,0,ES,1565641557,78,38.18,-1.13,80.01,17.22
290,Palmerston,0,AU,1565641558,18,-12.49,130.99,68.0,8.05
291,Palmer,20,AU,1565641558,93,-34.85,139.16,39.99,2.24
292,Malgobek,35,RU,1565641558,49,43.51,44.59,65.07,3.69
293,Cap Malheureux,40,MU,1565641559,68,-19.98,57.61,72.0,12.75
294,Krasnoborsk,0,RU,1565641559,83,61.56,45.93,40.22,2.55
295,Kanina,0,CD,1565641559,37,-10.73,25.47,62.0,4.85
296,Port Hedland,90,AU,1565641560,30,-20.31,118.58,68.0,9.17
297,Seoul,90,KR,1565641560,94,37.57,126.98,80.6,3.36
298,Maningrida,0,AU,1565641560,58,-12.05,134.23,55.7,9.91
299,Penzance,75,GB,1565641561,82,50.12,-5.53,62.01,10.29
300,Otane,0,NZ,1565641561,89,-39.89,176.62,46.0,13.0
301,Pendra,100,IN,1565641561,91,22.77,81.96,73.7,6.06
302,Iskateley,0,RU,1565641562,80,67.68,53.15,39.87,9.84
303,Nouakchott,40,MR,1565641562,78,18.08,-15.98,78.8,13.87
304,Tuatapere,99,NZ,1565641562,86,-46.13,167.69,45.0,13.0
305,Drayton Valley,100,CA,1565641563,77,53.22,-114.98,60.74,2.28
306,Jalu,0,LY,1565641563,37,29.03,21.55,82.7,15.1
307,Klaksvik,5,FO,1565641563,93,62.23,-6.59,50.0,6.93
308,Beringovskiy,100,RU,1565641564,97,63.05,179.32,47.07,3.49
309,Chesapeake,40,US,1565641395,45,36.72,-76.25,91.0,4.63
310,Outjo,0,NA,1565641564,19,-20.11,16.16,71.6,3.36
311,Ojinaga,40,US,1565641565,20,29.56,-104.41,102.2,13.87
312,Sindou,41,BF,1565641565,92,10.66,-5.16,74.42,4.34
313,Abu Dhabi,0,AE,1565641425,67,24.47,54.37,93.2,2.24
314,Ipixuna,0,BR,1565641566,74,-1.76,-48.8,86.0,11.41
315,Luderitz,0,NA,1565641566,67,-26.65,15.16,57.2,14.99
316,Tianpeng,0,CN,1565641566,76,28.88,112.34,78.38,1.19
317,Juan Diaz,75,PA,1565641567,74,8.47,-80.28,84.2,10.29
318,Pangnirtung,20,CA,1565641567,81,66.15,-65.72,51.8,10.29
319,Necochea,99,AR,1565641567,65,-38.55,-58.74,44.01,13.0
320,Soyo,20,AO,1565641302,78,-6.13,12.37,75.2,3.36
321,Plattsburgh,75,US,1565641568,57,44.69,-73.46,82.99,4.7
322,Palana,98,RU,1565641568,93,59.08,159.95,50.84,1.34
323,Banjar,97,ID,1565641568,93,-7.37,108.54,70.28,1.14
324,Villarrobledo,5,ES,1565641569,23,39.27,-2.6,71.01,1.99
325,Ladushkin,75,RU,1565641569,93,54.57,20.17,64.4,2.24
326,Pevek,36,RU,1565641569,92,69.7,170.27,35.37,22.93
327,Mehamn,90,NO,1565641570,100,71.03,27.85,46.4,8.05
328,Dauphin,75,CA,1565641570,59,51.15,-100.04,66.2,8.05
329,Nazca,0,PE,1565641570,36,-14.83,-74.94,74.24,7.63
330,Sur,96,OM,1565641571,53,22.57,59.53,85.4,5.97
331,Tiksi,49,RU,1565641571,62,71.64,128.87,51.57,6.6
332,Micheweni,30,TZ,1565641571,80,-4.97,39.83,76.94,14.83
333,Ullapool,53,GB,1565641572,94,57.9,-5.16,52.0,12.06
334,Cherskiy,0,RU,1565641572,61,68.75,161.3,46.88,22.53
335,Kulhudhuffushi,100,MV,1565641572,75,6.62,73.07,82.52,18.21
336,La Ronge,75,CA,1565641572,43,55.1,-105.3,69.8,2.24
337,Bela Vista de Goias,0,BR,1565641573,22,-16.97,-48.95,87.8,4.7
338,Baruun-Urt,94,MN,1565641573,86,46.68,113.28,53.9,12.71
339,Russell,1,US,1565641574,58,38.9,-98.86,87.8,3.36
340,Vila Franca do Campo,20,PT,1565641574,78,37.72,-25.43,71.6,5.82
341,Kaura Namoda,0,NG,1565641574,75,12.59,6.58,77.84,6.87
342,Basco,40,US,1565641575,74,40.33,-91.2,87.8,3.36
343,Coquimbo,0,CL,1565641575,45,-29.95,-71.34,64.4,10.29
344,Shonguy,40,RU,1565641575,58,68.75,33.15,57.2,8.95
345,Kirakira,100,SB,1565641575,78,-10.46,161.92,79.47,3.06
346,Inhambane,0,MZ,1565641576,88,-23.87,35.38,73.4,11.41
347,College,20,US,1565641576,67,64.86,-147.8,69.01,5.46
348,Ayan,0,IR,1565641576,64,38.23,44.7,59.48,3.33
349,Mount Gambier,90,AU,1565641577,100,-37.83,140.78,42.8,8.05
350,Lishui,0,CN,1565641577,92,28.45,119.91,70.82,1.12
351,Smyrna,1,US,1565641578,49,35.98,-86.52,96.01,6.24
352,Graz,0,AT,1565641306,65,47.07,15.44,80.6,2.24
353,Salamanca,75,MX,1565641578,50,20.57,-101.19,80.01,8.05
354,Lebu,75,ET,1565641579,82,8.96,38.73,59.0,5.82
355,Marzuq,100,YE,1565641579,28,14.4,46.47,83.42,4.88
356,Ust-Nera,100,RU,1565641583,65,64.57,143.24,53.0,5.37
357,Thinadhoo,100,MV,1565641584,77,0.53,72.93,82.7,12.57
358,Gawler,20,AU,1565641585,93,-34.6,138.75,39.99,2.24
359,Hamilton,75,CA,1565641379,57,43.26,-79.87,84.2,14.99
360,Ust-Koksa,8,RU,1565641585,78,50.27,85.62,43.47,4.99
361,Banda Aceh,98,ID,1565641563,84,5.56,95.32,79.47,25.19
362,Coihaique,75,CL,1565641586,60,-45.58,-72.07,46.4,2.19
363,Unisan,2,PH,1565641586,75,13.84,121.98,84.0,3.0
364,Devils Lake,90,US,1565641586,82,48.11,-98.87,60.8,9.17
365,Salemi,0,IT,1565641587,65,37.82,12.8,86.0,8.05
366,Mehran,0,IR,1565641587,23,33.12,46.17,84.2,2.24
367,Hambantota,87,LK,1565641587,79,6.12,81.12,80.9,21.39
368,Northam,90,AU,1565641338,93,-31.65,116.67,53.6,5.82
369,Nikolskoye,90,RU,1565641588,88,59.7,30.79,64.4,11.18
370,Ketchikan,40,US,1565641588,60,55.34,-131.65,73.4,12.75
371,Khorramshahr,40,IR,1565641588,30,30.43,48.18,98.6,4.7
372,Yelizovo,100,RU,1565641588,100,53.19,158.38,55.4,4.47
373,Sao Jose da Coroa Grande,1,BR,1565641589,88,-8.9,-35.15,69.38,4.59
374,Kaitangata,56,NZ,1565641589,62,-46.28,169.85,46.99,13.0
375,Mayo,90,CA,1565641589,55,63.59,-135.9,60.8,5.82
376,Hobyo,78,SO,1565641590,78,5.35,48.53,76.4,27.02
377,Cidreira,100,BR,1565641590,91,-30.17,-50.22,57.5,9.75
378,Iguape,0,BR,1565641590,84,-24.7,-47.56,70.64,2.73
379,Paamiut,100,GL,1565641590,70,61.99,-49.67,45.27,11.16
380,Port Blair,96,IN,1565641591,80,11.67,92.75,82.88,23.67
381,Tubuala,75,PA,1565641591,94,9.52,-79.03,75.2,4.7
382,Ariano Irpino,5,IT,1565641591,100,41.15,15.09,88.0,2.57
383,Maumere,12,ID,1565641592,80,-8.63,122.22,72.08,2.73
384,Itamarandiba,0,BR,1565641592,72,-17.86,-42.86,61.64,5.01
385,Belyy Yar,0,RU,1565641592,93,53.6,91.39,48.2,3.69
386,Miandrivazo,71,MG,1565641593,63,-19.53,45.46,72.27,1.52
387,Aykhal,40,RU,1565641593,67,65.95,111.51,57.2,4.47
388,Tupik,100,RU,1565641593,97,54.43,119.94,57.32,3.69
389,Barcelos,5,BR,1565641593,59,-0.97,-62.93,86.84,3.15
390,Tecolotlan,100,MX,1565641594,60,20.22,-104.05,81.0,5.01
391,Namibe,100,AO,1565641594,88,-15.19,12.15,65.78,5.35
392,Riorges,0,FR,1565641594,55,46.04,4.03,66.2,3.36
393,Balkhash,4,KZ,1565641595,27,46.84,74.98,76.4,11.1
394,Ornskoldsvik,75,SE,1565641595,93,63.29,18.72,59.0,3.36
395,Orlik,0,PL,1565641595,88,53.95,17.74,66.99,3.36
396,Chandler,20,US,1565641493,13,33.31,-111.84,107.01,5.82
397,Udachnyy,40,RU,1565641596,67,66.42,112.4,57.2,4.47
398,Zyryanka,97,RU,1565641596,61,65.73,150.89,56.78,15.28
399,Cayenne,0,GF,1565641597,66,4.94,-52.33,86.0,8.05
400,San Patricio,98,PY,1565641597,78,-26.98,-56.83,61.82,7.99
401,Rach Gia,40,VN,1565641598,100,10.02,105.08,77.0,3.36
402,Pitimbu,75,BR,1565641598,83,-7.47,-34.81,77.0,10.29
403,Bereda,20,ES,1565641598,68,43.27,-7.54,64.4,8.05
404,Chapais,1,CA,1565641599,42,49.78,-74.86,68.0,19.46
405,Komsomolskiy,2,RU,1565641599,93,67.55,63.78,31.22,7.87
406,Mahon,40,IE,1565641599,71,51.89,-8.4,57.2,4.7
407,Norman Wells,90,CA,1565641599,93,65.28,-126.83,46.4,11.41
408,Naze,40,NG,1565641600,78,5.43,7.07,80.6,3.36
409,Nara,75,JP,1565641600,70,34.68,135.8,86.0,10.29
410,Fountain Hills,1,US,1565641465,15,33.61,-111.72,107.01,4.7
411,Gorele,0,TR,1565641600,73,41.03,39.0,73.4,5.82
412,Sao Domingos do Maranhao,52,BR,1565641601,37,-5.58,-44.39,88.1,3.56
413,Praya,40,ID,1565641601,94,-8.71,116.27,75.2,8.21
414,Macau,34,BR,1565641602,58,-5.11,-36.64,83.6,20.8
415,Atar,71,MR,1565641602,21,20.52,-13.05,98.37,13.82
416,Sioux Lookout,75,CA,1565641602,37,50.1,-91.92,71.6,5.39
417,Aklavik,40,CA,1565641602,65,68.22,-135.01,46.4,4.7
418,Mustang,1,US,1565641394,29,35.38,-97.72,105.01,12.75
419,Avera,1,US,1565641603,47,33.19,-82.53,98.01,3.76
420,Pauini,0,BR,1565641605,23,-7.71,-67.0,97.47,4.85
421,Warwick,75,US,1565641541,37,41.7,-71.42,87.01,9.17
422,Conde,0,BR,1565641606,91,-11.81,-37.61,68.48,4.32
423,Ndola,0,ZM,1565641606,37,-12.97,28.64,57.5,5.46
424,Eureka,1,US,1565641421,72,40.8,-124.16,82.0,8.05
425,Hun,7,BE,1565641607,87,50.34,4.87,59.0,4.7
426,Kalangala,75,UG,1565641607,88,-0.32,32.29,69.8,6.93
427,Ossora,100,RU,1565641607,89,59.24,163.07,53.18,5.53
428,Urdoma,0,RU,1565641608,85,61.74,48.55,39.32,4.5
429,Rosario,75,UY,1565641608,66,-34.31,-57.35,53.6,17.22
430,Arlit,4,NE,1565641608,18,18.74,7.39,100.17,9.55
431,Tazovskiy,100,RU,1565641609,71,67.47,78.7,49.04,13.04
432,Leh,40,IN,1565641609,50,34.16,77.58,52.47,1.77
433,Perth,90,AU,1565641609,100,-31.95,115.86,59.0,9.17
434,La Maddalena,0,IT,1565641609,74,39.15,9.02,84.99,9.17
435,Kavaratti,100,IN,1565641610,78,10.57,72.64,81.98,20.38
436,Yinchuan,68,CN,1565641610,39,38.48,106.21,71.01,3.0
437,Mapiripan,56,CO,1565641610,81,2.89,-72.13,81.08,6.64
438,Salalah,75,OM,1565641611,88,17.01,54.1,78.8,3.36
439,Tondano,100,ID,1565641611,70,1.3,124.91,80.9,8.43
440,Tres Marias,75,MX,1565641611,69,19.06,-99.24,77.0,5.82
441,Sabha,0,LY,1565641612,21,27.03,14.43,86.12,12.75
442,Maldonado,75,UY,1565641613,76,-34.91,-54.96,50.0,23.04
443,Santa Cruz,7,BR,1565641401,68,-6.22,-36.02,74.24,19.33
444,Muromtsevo,89,RU,1565641613,60,56.37,75.24,62.0,10.36
445,Carutapera,10,BR,1565641614,82,-1.2,-46.02,79.28,7.58
446,Pinheiro Machado,40,BR,1565641614,78,-31.58,-53.38,53.01,11.99
447,Gezing,75,AT,1565641614,93,47.92,13.13,61.0,6.93
448,Westport,1,US,1565641378,45,41.14,-73.36,87.01,13.87
449,Miles City,75,US,1565641615,34,46.41,-105.84,78.8,23.04
450,Loa Janan,54,ID,1565641615,99,-0.58,117.09,72.08,1.16
451,Lasa,0,CY,1565641615,73,34.92,32.53,80.6,6.93
452,Vrangel,37,RU,1565641616,98,42.73,133.08,62.0,3.09
453,Mamboma,92,SL,1565641616,97,7.84,-11.66,72.62,2.17
454,Usinsk,0,RU,1565641616,82,66.0,57.56,34.82,11.03
455,Ugoofaaru,100,MV,1565641509,74,5.67,73.0,83.42,18.03
456,Kushima,89,JP,1565641617,83,31.5,131.29,80.01,13.0
457,Belaya Gora,29,RU,1565641617,62,68.54,146.19,56.78,10.71
458,Ust-Maya,0,RU,1565641617,92,60.42,134.54,51.74,0.69
459,Yumen,29,CN,1565641618,54,40.29,97.04,67.22,8.84
460,Hervey Bay,4,AU,1565641618,87,-25.3,152.85,46.0,6.93
461,Gweru,0,ZW,1565641618,28,-19.46,29.82,57.68,4.43
462,Guarapari,40,BR,1565641619,78,-20.67,-40.5,75.2,14.99
463,Danielskuil,0,ZA,1565641619,39,-28.19,23.54,39.68,3.22
464,Teguldet,45,RU,1565641620,80,57.31,88.17,46.52,3.74
465,Bajil,0,ES,1565641620,46,38.23,-2.07,63.98,7.11
466,Pestravka,10,RU,1565641620,81,52.4,49.95,49.22,11.16
467,Juneau,90,US,1565641621,56,58.3,-134.42,69.8,10.29
468,Dikson,100,RU,1565641621,91,73.51,80.55,39.68,10.18
469,Zima,4,RU,1565641622,93,53.93,102.05,44.54,2.1
470,Cockburn Town,25,TC,1565641447,76,21.46,-71.14,83.24,14.65
471,Fuyang,88,CN,1565641622,87,32.89,115.81,74.24,3.42
472,Sibolga,100,ID,1565641623,77,1.74,98.78,82.7,9.17
473,Mayskiy,20,RU,1565641623,52,43.63,44.06,68.0,6.71
474,Sangar,0,RU,1565641623,78,63.92,127.47,56.07,3.09
475,Warrnambool,100,AU,1565641624,100,-38.38,142.48,46.99,3.0
476,Torbay,40,CA,1565641624,56,47.66,-52.73,72.0,24.16
477,Zambezi,0,ZM,1565641624,29,-13.55,23.12,64.7,5.73
478,Auki,0,NG,1565641624,83,12.18,6.51,75.5,7.47
479,Ust-Kuyga,83,RU,1565641625,61,70.0,135.55,54.27,6.38
480,Tiruchchendur,100,IN,1565641625,71,8.48,78.12,80.9,4.72
481,Lensk,100,RU,1565641625,97,60.71,114.91,54.27,4.7
482,Tamala,0,RU,1565641626,82,52.54,43.26,50.84,4.85
483,Port-Gentil,90,GA,1565641626,83,-0.72,8.78,75.2,8.05
484,Praia,0,BR,1565641626,36,-20.25,-43.81,78.8,9.17
485,Flin Flon,75,CA,1565641627,42,54.77,-101.88,68.0,6.93
486,Konstantinovka,0,UA,1565641627,53,46.85,29.85,76.22,6.4
487,Puerto Escondido,40,MX,1565641627,66,15.86,-97.07,87.8,6.93
488,Port-Cartier,40,CA,1565641628,35,50.03,-66.88,73.4,17.22
489,Kaka,1,TM,1565641628,29,37.35,59.62,75.5,8.08
490,Kidal,67,ML,1565641629,25,18.44,1.41,99.44,15.7
491,Jurm,0,AF,1565641629,33,36.86,70.83,53.0,1.79
492,Vidim,75,CZ,1565641629,93,50.47,14.53,62.01,5.82
493,Bay Roberts,40,CA,1565641629,56,47.58,-53.28,72.0,24.16
494,Zwedru,86,LR,1565641630,93,6.07,-8.13,71.37,4.56
495,Bhag,0,PK,1565641630,51,29.04,67.82,92.6,11.95
496,Alcudia,0,ES,1565641605,61,39.85,3.12,78.01,16.11
497,Tres Arroyos,89,AR,1565641630,61,-38.38,-60.28,42.74,14.47
498,Erenhot,100,CN,1565641631,50,43.65,111.97,69.2,5.99
499,Adrar,0,DZ,1565641631,12,27.87,-0.29,107.6,13.87
500,Forbes,0,AU,1565641632,90,-33.38,148.01,34.0,1.83
501,Phuntsholing,100,IN,1565641632,92,26.86,89.38,69.92,1.81
502,Novyye Lyady,90,RU,1565641632,100,58.05,56.6,50.0,11.18
503,Port Shepstone,100,ZA,1565641633,64,-30.74,30.45,57.5,2.8
504,Alangudi,40,IN,1565641634,70,10.36,78.99,84.2,13.87
505,Shakawe,0,BW,1565641635,29,-18.36,21.84,61.82,3.56
506,Luwuk,93,ID,1565641636,97,-0.95,122.79,62.54,4.97
507,La Rioja,0,AR,1565641636,33,-29.41,-66.86,53.9,7.07
508,Ormond Beach,40,US,1565641636,70,29.29,-81.06,95.0,11.41
509,Rio Grande,75,BR,1565641636,87,-32.03,-52.1,59.0,10.29
510,Ostrovnoy,41,RU,1565641637,67,68.05,39.51,47.97,20.33
511,Lumphat,100,KH,1565641637,99,13.5,106.97,74.07,2.48
512,Gold Coast,0,AU,1565641562,87,-28.0,153.41,51.01,3.36
513,Adre,32,TD,1565641638,83,13.47,22.2,72.8,6.73
514,Sahuaripa,0,MX,1565641638,39,29.05,-109.23,94.58,4.56
515,Hovd,75,NO,1565641638,87,63.83,10.7,57.0,18.34
516,Catia La Mar,76,VE,1565641639,58,10.6,-67.03,84.99,8.99
517,Bacungan,99,PH,1565641639,76,9.87,118.73,82.88,10.04
518,Mariental,20,BR,1565641639,42,-25.72,-49.65,81.0,16.11
519,El Sauzal,0,AR,1565641639,27,-24.3,-64.96,75.2,8.05
520,Hare Bay,75,CA,1565641640,47,48.86,-53.99,75.2,13.87
521,Cabo San Lucas,20,MX,1565641457,62,22.89,-109.91,97.0,8.05
522,Alamosa,1,US,1565641630,38,37.47,-105.87,75.2,4.7
523,Vanimo,0,PG,1565641640,75,-2.67,141.3,79.47,7.38
524,Turochak,0,RU,1565641641,86,52.26,87.12,48.87,3.06
525,Mogadishu,0,SO,1565641399,81,2.04,45.34,75.32,14.25
526,Francisco Beltrao,99,BR,1565641643,61,-26.08,-53.05,72.08,0.92
527,Butterworth,75,MY,1565641644,94,5.4,100.37,80.6,4.5
528,Mangrol,97,IN,1565641645,84,25.33,76.51,81.27,7.96
529,Port Augusta,0,AU,1565641645,100,-32.49,137.76,35.6,4.7
530,Port Angeles,1,US,1565641507,72,48.12,-123.43,73.0,5.82
531,Shishou,67,CN,1565641645,82,29.72,112.42,78.2,2.37
532,Abu Zabad,100,SD,1565641646,69,12.35,29.25,78.57,14.09
533,Manado,100,ID,1565641503,70,1.49,124.85,80.9,8.43
534,Kalmunai,99,LK,1565641647,84,7.42,81.82,76.04,4.34
535,Arkhara,33,RU,1565641648,93,49.42,130.09,59.12,3.02
536,Angren,0,UZ,1565641648,20,41.01,70.08,62.37,1.05
537,Paramonga,50,PE,1565641648,87,-10.68,-77.82,58.94,11.12
538,Fukue,75,JP,1565641649,78,35.03,136.69,82.99,6.93
539,Praia da Vitoria,20,PT,1565641497,73,38.73,-27.07,73.99,4.68
540,Longview,40,US,1565641649,42,32.5,-94.74,102.0,5.82
541,Grindavik,75,IS,1565641650,66,63.84,-22.43,48.2,26.4
542,Fairbanks,20,US,1565641531,67,64.84,-147.72,66.2,5.46
543,Laizhou,100,CN,1565641650,84,37.18,119.93,76.04,5.61
544,Acari,62,BR,1565641650,53,-6.44,-36.64,81.44,20.51
545,Dongsheng,42,CN,1565641651,75,29.72,112.52,79.64,1.52
546,Muyezerskiy,96,RU,1565641651,92,63.93,31.65,53.72,7.99
547,Petropavl,98,KZ,1565641651,85,54.87,69.13,64.52,16.42
548,Ucluelet,90,CA,1565641419,93,48.94,-125.55,75.99,10.29
549,Keflavik,75,IS,1565641652,66,64.0,-22.56,48.2,26.4
550,Casablanca,20,MA,1565641429,73,33.6,-7.62,71.6,13.87
